Driver,DriverNumber,LapNumber,Stint,Compound,TyreLife,LapTime,PitInTime,PitOutTime,TrackStatus
VER,1,1.0,1.0,MEDIUM,1.0,87.905,,,1
VER,1,2.0,1.0,MEDIUM,2.0,86.163,,,1
VER,1,3.0,1.0,MEDIUM,3.0,85.702,,,1
VER,1,4.0,1.0,MEDIUM,4.0,86.05,,,1
VER,1,5.0,1.0,MEDIUM,5.0,86.176,,,1
VER,1,6.0,1.0,MEDIUM,6.0,86.837,,,1
VER,1,7.0,1.0,MEDIUM,7.0,86.368,,,1
VER,1,8.0,1.0,MEDIUM,8.0,85.99,,,1
VER,1,9.0,1.0,MEDIUM,9.0,86.605,,,1
VER,1,10.0,1.0,MEDIUM,10.0,86.603,,,1
VER,1,11.0,1.0,MEDIUM,11.0,86.643,,,1
VER,1,12.0,1.0,MEDIUM,12.0,86.442,,,1
VER,1,13.0,1.0,MEDIUM,13.0,86.666,,,1
VER,1,14.0,1.0,MEDIUM,14.0,87.028,,,1
VER,1,15.0,1.0,MEDIUM,15.0,86.782,,,1
VER,1,16.0,1.0,MEDIUM,16.0,86.718,,,1
VER,1,17.0,1.0,MEDIUM,17.0,86.733,,,1
VER,1,18.0,1.0,MEDIUM,18.0,86.273,,,1
VER,1,19.0,1.0,MEDIUM,19.0,86.438,,,1
VER,1,22.0,2.0,HARD,2.0,85.885,,,1
VER,1,23.0,2.0,HARD,3.0,86.159,,,1
VER,1,24.0,2.0,HARD,4.0,86.327,,,1
VER,1,25.0,2.0,HARD,5.0,85.914,,,1
VER,1,26.0,2.0,HARD,6.0,85.786,,,1
VER,1,27.0,2.0,HARD,7.0,85.501,,,1
VER,1,28.0,2.0,HARD,8.0,85.434,,,1
VER,1,29.0,2.0,HARD,9.0,85.471,,,1
VER,1,30.0,2.0,HARD,10.0,85.398,,,1
VER,1,31.0,2.0,HARD,11.0,85.502,,,1
VER,1,32.0,2.0,HARD,12.0,85.41,,,1
VER,1,33.0,2.0,HARD,13.0,85.24,,,1
VER,1,34.0,2.0,HARD,14.0,85.683,,,1
VER,1,35.0,2.0,HARD,15.0,85.815,,,1
VER,1,36.0,2.0,HARD,16.0,85.598,,,1
VER,1,37.0,2.0,HARD,17.0,85.683,,,1
VER,1,38.0,2.0,HARD,18.0,85.585,,,1
VER,1,39.0,2.0,HARD,19.0,85.486,,,1
VER,1,40.0,2.0,HARD,20.0,85.901,,,1
VER,1,41.0,2.0,HARD,21.0,85.779,,,1
VER,1,42.0,2.0,HARD,22.0,85.912,,,1
VER,1,43.0,2.0,HARD,23.0,85.994,,,1
VER,1,44.0,2.0,HARD,24.0,85.751,,,1
VER,1,45.0,2.0,HARD,25.0,85.916,,,1
VER,1,46.0,2.0,HARD,26.0,86.185,,,1
VER,1,47.0,2.0,HARD,27.0,86.137,,,1
VER,1,48.0,2.0,HARD,28.0,87.235,,,1
VER,1,49.0,2.0,HARD,29.0,87.907,,,1
VER,1,50.0,2.0,HARD,30.0,88.393,,,1
VER,1,51.0,2.0,HARD,31.0,87.525,,,1
GAS,10,1.0,1.0,MEDIUM,1.0,95.974,,,1
GAS,10,2.0,1.0,MEDIUM,2.0,88.696,,,1
GAS,10,3.0,1.0,MEDIUM,3.0,87.916,,,1
GAS,10,4.0,1.0,MEDIUM,4.0,87.472,,,1
GAS,10,5.0,1.0,MEDIUM,5.0,87.694,,,1
GAS,10,6.0,1.0,MEDIUM,6.0,87.324,,,1
GAS,10,7.0,1.0,MEDIUM,7.0,87.21,,,1
GAS,10,8.0,1.0,MEDIUM,8.0,87.24,,,1
GAS,10,9.0,1.0,MEDIUM,9.0,87.366,,,1
GAS,10,12.0,2.0,HARD,5.0,87.431,,,1
GAS,10,13.0,2.0,HARD,6.0,87.368,,,1
GAS,10,14.0,2.0,HARD,7.0,87.348,,,1
GAS,10,15.0,2.0,HARD,8.0,87.363,,,1
GAS,10,16.0,2.0,HARD,9.0,87.088,,,1
GAS,10,17.0,2.0,HARD,10.0,87.076,,,1
GAS,10,18.0,2.0,HARD,11.0,87.053,,,1
GAS,10,19.0,2.0,HARD,12.0,87.136,,,1
GAS,10,20.0,2.0,HARD,13.0,87.035,,,1
GAS,10,21.0,2.0,HARD,14.0,87.706,,,1
GAS,10,22.0,2.0,HARD,15.0,87.219,,,1
GAS,10,23.0,2.0,HARD,16.0,87.454,,,1
GAS,10,24.0,2.0,HARD,17.0,87.06,,,1
GAS,10,25.0,2.0,HARD,18.0,87.223,,,1
GAS,10,26.0,2.0,HARD,19.0,87.59,,,1
GAS,10,27.0,2.0,HARD,20.0,87.189,,,1
GAS,10,28.0,2.0,HARD,21.0,87.521,,,1
GAS,10,29.0,2.0,HARD,22.0,87.383,,,1
GAS,10,30.0,2.0,HARD,23.0,87.658,,,1
GAS,10,33.0,3.0,MEDIUM,2.0,86.439,,,1
GAS,10,34.0,3.0,MEDIUM,3.0,86.877,,,1
GAS,10,35.0,3.0,MEDIUM,4.0,86.903,,,1
GAS,10,36.0,3.0,MEDIUM,5.0,86.797,,,1
GAS,10,37.0,3.0,MEDIUM,6.0,86.499,,,1
GAS,10,38.0,3.0,MEDIUM,7.0,86.357,,,1
GAS,10,39.0,3.0,MEDIUM,8.0,86.736,,,1
GAS,10,40.0,3.0,MEDIUM,9.0,86.548,,,1
GAS,10,41.0,3.0,MEDIUM,10.0,86.346,,,1
GAS,10,42.0,3.0,MEDIUM,11.0,86.425,,,1
GAS,10,43.0,3.0,MEDIUM,12.0,85.921,,,1
GAS,10,44.0,3.0,MEDIUM,13.0,85.758,,,1
GAS,10,45.0,3.0,MEDIUM,14.0,86.297,,,1
GAS,10,46.0,3.0,MEDIUM,15.0,86.292,,,1
GAS,10,47.0,3.0,MEDIUM,16.0,86.144,,,1
GAS,10,48.0,3.0,MEDIUM,17.0,86.288,,,1
GAS,10,49.0,3.0,MEDIUM,18.0,87.913,,,1
GAS,10,50.0,3.0,MEDIUM,19.0,87.375,,,1
PER,11,1.0,1.0,MEDIUM,1.0,89.806,,,1
PER,11,2.0,1.0,MEDIUM,2.0,86.881,,,1
PER,11,3.0,1.0,MEDIUM,3.0,86.143,,,1
PER,11,4.0,1.0,MEDIUM,4.0,86.019,,,1
PER,11,5.0,1.0,MEDIUM,5.0,86.354,,,1
PER,11,6.0,1.0,MEDIUM,6.0,86.465,,,1
PER,11,7.0,1.0,MEDIUM,7.0,86.333,,,1
PER,11,8.0,1.0,MEDIUM,8.0,86.887,,,1
PER,11,9.0,1.0,MEDIUM,9.0,86.564,,,1
PER,11,10.0,1.0,MEDIUM,10.0,86.454,,,1
PER,11,11.0,1.0,MEDIUM,11.0,87.245,,,1
PER,11,12.0,1.0,MEDIUM,12.0,86.968,,,1
PER,11,13.0,1.0,MEDIUM,13.0,87.014,,,1
PER,11,14.0,1.0,MEDIUM,14.0,87.451,,,1
PER,11,15.0,1.0,MEDIUM,15.0,86.779,,,1
PER,11,16.0,1.0,MEDIUM,16.0,86.823,,,1
PER,11,17.0,1.0,MEDIUM,17.0,87.011,,,1
PER,11,18.0,1.0,MEDIUM,18.0,86.765,,,1
PER,11,19.0,1.0,MEDIUM,19.0,86.669,,,1
PER,11,20.0,1.0,MEDIUM,20.0,86.509,,,1
PER,11,23.0,2.0,HARD,2.0,85.564,,,1
PER,11,24.0,2.0,HARD,3.0,85.759,,,1
PER,11,25.0,2.0,HARD,4.0,86.005,,,1
PER,11,26.0,2.0,HARD,5.0,85.884,,,1
PER,11,27.0,2.0,HARD,6.0,86.456,,,1
PER,11,28.0,2.0,HARD,7.0,85.584,,,1
PER,11,29.0,2.0,HARD,8.0,85.606,,,1
PER,11,30.0,2.0,HARD,9.0,85.757,,,1
PER,11,31.0,2.0,HARD,10.0,86.415,,,1
PER,11,32.0,2.0,HARD,11.0,85.88,,,1
PER,11,33.0,2.0,HARD,12.0,86.02,,,1
PER,11,34.0,2.0,HARD,13.0,85.948,,,1
PER,11,35.0,2.0,HARD,14.0,85.651,,,1
PER,11,36.0,2.0,HARD,15.0,85.627,,,1
PER,11,37.0,2.0,HARD,16.0,85.757,,,1
PER,11,38.0,2.0,HARD,17.0,85.584,,,1
PER,11,39.0,2.0,HARD,18.0,85.522,,,1
PER,11,40.0,2.0,HARD,19.0,85.626,,,1
PER,11,41.0,2.0,HARD,20.0,86.719,,,1
PER,11,42.0,2.0,HARD,21.0,86.539,,,1
PER,11,43.0,2.0,HARD,22.0,86.624,,,1
PER,11,44.0,2.0,HARD,23.0,86.329,,,1
PER,11,45.0,2.0,HARD,24.0,86.573,,,1
PER,11,46.0,2.0,HARD,25.0,85.598,,,1
PER,11,47.0,2.0,HARD,26.0,86.476,,,1
PER,11,48.0,2.0,HARD,27.0,86.108,,,1
PER,11,49.0,2.0,HARD,28.0,86.006,,,1
PER,11,50.0,2.0,HARD,29.0,86.385,,,1
PER,11,51.0,2.0,HARD,30.0,85.903,,,1
ALO,14,1.0,1.0,MEDIUM,1.0,93.34,,,1
ALO,14,2.0,1.0,MEDIUM,2.0,88.012,,,1
ALO,14,3.0,1.0,MEDIUM,3.0,87.546,,,1
ALO,14,4.0,1.0,MEDIUM,4.0,87.221,,,1
ALO,14,5.0,1.0,MEDIUM,5.0,87.033,,,1
ALO,14,6.0,1.0,MEDIUM,6.0,87.175,,,1
ALO,14,7.0,1.0,MEDIUM,7.0,86.929,,,1
ALO,14,8.0,1.0,MEDIUM,8.0,86.943,,,1
ALO,14,9.0,1.0,MEDIUM,9.0,87.383,,,1
ALO,14,10.0,1.0,MEDIUM,10.0,87.368,,,1
ALO,14,11.0,1.0,MEDIUM,11.0,87.343,,,1
ALO,14,12.0,1.0,MEDIUM,12.0,87.339,,,1
ALO,14,13.0,1.0,MEDIUM,13.0,87.158,,,1
ALO,14,14.0,1.0,MEDIUM,14.0,87.607,,,1
ALO,14,15.0,1.0,MEDIUM,15.0,86.929,,,1
ALO,14,16.0,1.0,MEDIUM,16.0,87.164,,,1
ALO,14,17.0,1.0,MEDIUM,17.0,87.156,,,1
ALO,14,18.0,1.0,MEDIUM,18.0,87.275,,,1
ALO,14,19.0,1.0,MEDIUM,19.0,87.318,,,1
ALO,14,20.0,1.0,MEDIUM,20.0,88.284,,,1
ALO,14,23.0,2.0,HARD,5.0,86.849,,,1
ALO,14,24.0,2.0,HARD,6.0,86.949,,,1
ALO,14,25.0,2.0,HARD,7.0,86.899,,,1
ALO,14,26.0,2.0,HARD,8.0,86.792,,,1
ALO,14,27.0,2.0,HARD,9.0,86.666,,,1
ALO,14,28.0,2.0,HARD,10.0,86.723,,,1
ALO,14,29.0,2.0,HARD,11.0,86.997,,,1
ALO,14,30.0,2.0,HARD,12.0,86.915,,,1
ALO,14,31.0,2.0,HARD,13.0,86.848,,,1
ALO,14,32.0,2.0,HARD,14.0,86.747,,,1
ALO,14,33.0,2.0,HARD,15.0,86.769,,,1
ALO,14,34.0,2.0,HARD,16.0,86.563,,,1
ALO,14,35.0,2.0,HARD,17.0,86.517,,,1
ALO,14,36.0,2.0,HARD,18.0,86.457,,,1
ALO,14,37.0,2.0,HARD,19.0,86.38,,,1
ALO,14,38.0,2.0,HARD,20.0,86.574,,,1
ALO,14,39.0,2.0,HARD,21.0,86.707,,,1
ALO,14,40.0,2.0,HARD,22.0,86.61,,,1
ALO,14,41.0,2.0,HARD,23.0,86.815,,,1
ALO,14,42.0,2.0,HARD,24.0,86.403,,,1
ALO,14,43.0,2.0,HARD,25.0,86.105,,,1
ALO,14,44.0,2.0,HARD,26.0,86.155,,,1
ALO,14,45.0,2.0,HARD,27.0,86.277,,,1
ALO,14,46.0,2.0,HARD,28.0,86.453,,,1
ALO,14,47.0,2.0,HARD,29.0,86.912,,,1
ALO,14,48.0,2.0,HARD,30.0,87.183,,,1
ALO,14,49.0,2.0,HARD,31.0,87.245,,,1
ALO,14,50.0,2.0,HARD,32.0,87.36,,,1
ALO,14,51.0,2.0,HARD,33.0,87.395,,,1
LEC,16,1.0,1.0,MEDIUM,1.0,88.755,,,1
LEC,16,2.0,1.0,MEDIUM,2.0,86.312,,,1
LEC,16,3.0,1.0,MEDIUM,3.0,85.719,,,1
LEC,16,4.0,1.0,MEDIUM,4.0,86.025,,,1
LEC,16,5.0,1.0,MEDIUM,5.0,86.266,,,1
LEC,16,6.0,1.0,MEDIUM,6.0,86.483,,,1
LEC,16,7.0,1.0,MEDIUM,7.0,86.473,,,1
LEC,16,8.0,1.0,MEDIUM,8.0,85.972,,,1
LEC,16,9.0,1.0,MEDIUM,9.0,86.678,,,1
LEC,16,10.0,1.0,MEDIUM,10.0,86.787,,,1
LEC,16,11.0,1.0,MEDIUM,11.0,86.838,,,1
LEC,16,12.0,1.0,MEDIUM,12.0,86.694,,,1
LEC,16,13.0,1.0,MEDIUM,13.0,86.557,,,1
LEC,16,14.0,1.0,MEDIUM,14.0,86.94,,,1
LEC,16,15.0,1.0,MEDIUM,15.0,87.314,,,1
LEC,16,16.0,1.0,MEDIUM,16.0,87.155,,,1
LEC,16,17.0,1.0,MEDIUM,17.0,87.67,,,1
LEC,16,18.0,1.0,MEDIUM,18.0,87.498,,,1
LEC,16,19.0,1.0,MEDIUM,19.0,87.702,,,1
LEC,16,22.0,2.0,HARD,2.0,85.742,,,1
LEC,16,23.0,2.0,HARD,3.0,85.807,,,1
LEC,16,24.0,2.0,HARD,4.0,85.933,,,1
LEC,16,25.0,2.0,HARD,5.0,86.061,,,1
LEC,16,26.0,2.0,HARD,6.0,85.763,,,1
LEC,16,27.0,2.0,HARD,7.0,86.234,,,1
LEC,16,28.0,2.0,HARD,8.0,85.663,,,1
LEC,16,29.0,2.0,HARD,9.0,85.814,,,1
LEC,16,30.0,2.0,HARD,10.0,85.782,,,1
LEC,16,31.0,2.0,HARD,11.0,86.496,,,1
LEC,16,32.0,2.0,HARD,12.0,86.869,,,1
LEC,16,33.0,2.0,HARD,13.0,85.962,,,1
LEC,16,34.0,2.0,HARD,14.0,85.851,,,1
LEC,16,35.0,2.0,HARD,15.0,85.85,,,1
LEC,16,36.0,2.0,HARD,16.0,85.631,,,1
LEC,16,37.0,2.0,HARD,17.0,85.671,,,1
LEC,16,38.0,2.0,HARD,18.0,85.58,,,1
LEC,16,39.0,2.0,HARD,19.0,85.629,,,1
LEC,16,40.0,2.0,HARD,20.0,85.728,,,1
LEC,16,41.0,2.0,HARD,21.0,86.511,,,1
LEC,16,42.0,2.0,HARD,22.0,86.448,,,1
LEC,16,43.0,2.0,HARD,23.0,86.597,,,1
LEC,16,44.0,2.0,HARD,24.0,86.586,,,1
LEC,16,45.0,2.0,HARD,25.0,86.321,,,1
LEC,16,46.0,2.0,HARD,26.0,86.58,,,1
LEC,16,47.0,2.0,HARD,27.0,87.371,,,1
LEC,16,48.0,2.0,HARD,28.0,86.828,,,1
LEC,16,49.0,2.0,HARD,29.0,86.633,,,1
LEC,16,50.0,2.0,HARD,30.0,86.961,,,1
LEC,16,51.0,2.0,HARD,31.0,86.783,,,1
STR,18,1.0,1.0,MEDIUM,1.0,96.787,,,1
STR,18,2.0,1.0,MEDIUM,2.0,88.953,,,1
STR,18,3.0,1.0,MEDIUM,3.0,88.614,,,1
STR,18,4.0,1.0,MEDIUM,4.0,87.725,,,1
STR,18,5.0,1.0,MEDIUM,5.0,87.574,,,1
STR,18,6.0,1.0,MEDIUM,6.0,87.656,,,1
STR,18,7.0,1.0,MEDIUM,7.0,87.1,,,1
STR,18,8.0,1.0,MEDIUM,8.0,87.362,,,1
STR,18,9.0,1.0,MEDIUM,9.0,87.312,,,1
STR,18,10.0,1.0,MEDIUM,10.0,87.539,,,1
STR,18,11.0,1.0,MEDIUM,11.0,87.369,,,1
STR,18,12.0,1.0,MEDIUM,12.0,87.81,,,1
STR,18,13.0,1.0,MEDIUM,13.0,88.222,,,1
STR,18,14.0,1.0,MEDIUM,14.0,88.057,,,1
STR,18,15.0,1.0,MEDIUM,15.0,88.179,,,1
STR,18,16.0,1.0,MEDIUM,16.0,88.08,,,1
STR,18,17.0,1.0,MEDIUM,17.0,87.909,,,1
STR,18,18.0,1.0,MEDIUM,18.0,88.401,,,1
STR,18,19.0,1.0,MEDIUM,19.0,88.05,,,1
STR,18,22.0,2.0,HARD,6.0,86.742,,,1
STR,18,23.0,2.0,HARD,7.0,86.968,,,1
STR,18,24.0,2.0,HARD,8.0,87.34,,,1
STR,18,25.0,2.0,HARD,9.0,87.176,,,1
STR,18,26.0,2.0,HARD,10.0,87.259,,,1
STR,18,27.0,2.0,HARD,11.0,86.675,,,1
STR,18,28.0,2.0,HARD,12.0,87.085,,,1
STR,18,29.0,2.0,HARD,13.0,86.809,,,1
STR,18,30.0,2.0,HARD,14.0,86.924,,,1
STR,18,31.0,2.0,HARD,15.0,86.617,,,1
STR,18,32.0,2.0,HARD,16.0,86.832,,,1
STR,18,33.0,2.0,HARD,17.0,87.121,,,1
STR,18,34.0,2.0,HARD,18.0,87.298,,,1
STR,18,35.0,2.0,HARD,19.0,86.97,,,1
STR,18,36.0,2.0,HARD,20.0,87.096,,,1
STR,18,37.0,2.0,HARD,21.0,87.373,,,1
STR,18,38.0,2.0,HARD,22.0,86.902,,,1
STR,18,39.0,2.0,HARD,23.0,86.904,,,1
STR,18,40.0,2.0,HARD,24.0,87.072,,,1
STR,18,41.0,2.0,HARD,25.0,86.916,,,1
STR,18,42.0,2.0,HARD,26.0,87.067,,,1
STR,18,43.0,2.0,HARD,27.0,91.134,,,1
STR,18,44.0,2.0,HARD,28.0,88.214,,,1
STR,18,45.0,2.0,HARD,29.0,88.336,,,1
STR,18,46.0,2.0,HARD,30.0,87.153,,,1
STR,18,47.0,2.0,HARD,31.0,87.267,,,1
STR,18,48.0,2.0,HARD,32.0,87.59,,,1
STR,18,49.0,2.0,HARD,33.0,89.467,,,1
STR,18,50.0,2.0,HARD,34.0,90.865,,,1
SAR,2,1.0,1.0,MEDIUM,4.0,94.407,,,1
SAR,2,2.0,1.0,MEDIUM,5.0,88.08,,,1
SAR,2,3.0,1.0,MEDIUM,6.0,87.647,,,1
SAR,2,4.0,1.0,MEDIUM,7.0,87.389,,,1
SAR,2,5.0,1.0,MEDIUM,8.0,87.17,,,1
SAR,2,6.0,1.0,MEDIUM,9.0,87.135,,,1
SAR,2,7.0,1.0,MEDIUM,10.0,87.251,,,1
SAR,2,8.0,1.0,MEDIUM,11.0,87.233,,,1
SAR,2,9.0,1.0,MEDIUM,12.0,87.459,,,1
SAR,2,10.0,1.0,MEDIUM,13.0,87.685,,,1
SAR,2,11.0,1.0,MEDIUM,14.0,87.804,,,1
SAR,2,12.0,1.0,MEDIUM,15.0,88.694,,,1
SAR,2,13.0,1.0,MEDIUM,16.0,87.799,,,1
SAR,2,16.0,2.0,HARD,5.0,86.84,,,1
SAR,2,17.0,2.0,HARD,6.0,87.0,,,1
SAR,2,18.0,2.0,HARD,7.0,86.906,,,1
SAR,2,19.0,2.0,HARD,8.0,87.165,,,1
SAR,2,20.0,2.0,HARD,9.0,87.28,,,1
SAR,2,21.0,2.0,HARD,10.0,87.363,,,1
SAR,2,22.0,2.0,HARD,11.0,87.465,,,1
SAR,2,23.0,2.0,HARD,12.0,87.149,,,1
SAR,2,24.0,2.0,HARD,13.0,87.104,,,1
SAR,2,25.0,2.0,HARD,14.0,87.165,,,1
SAR,2,26.0,2.0,HARD,15.0,87.021,,,1
SAR,2,27.0,2.0,HARD,16.0,87.253,,,1
SAR,2,28.0,2.0,HARD,17.0,87.546,,,1
SAR,2,29.0,2.0,HARD,18.0,87.545,,,1
SAR,2,30.0,2.0,HARD,19.0,87.121,,,1
SAR,2,31.0,2.0,HARD,20.0,87.461,,,1
SAR,2,32.0,2.0,HARD,21.0,87.522,,,1
SAR,2,33.0,2.0,HARD,22.0,87.293,,,1
SAR,2,34.0,2.0,HARD,23.0,87.219,,,1
SAR,2,35.0,2.0,HARD,24.0,87.233,,,1
SAR,2,36.0,2.0,HARD,25.0,87.142,,,1
SAR,2,37.0,2.0,HARD,26.0,87.292,,,1
SAR,2,38.0,2.0,HARD,27.0,87.103,,,1
SAR,2,39.0,2.0,HARD,28.0,87.137,,,1
SAR,2,40.0,2.0,HARD,29.0,87.64,,,1
SAR,2,41.0,2.0,HARD,30.0,87.18,,,1
SAR,2,42.0,2.0,HARD,31.0,87.176,,,1
SAR,2,43.0,2.0,HARD,32.0,89.385,,,1
SAR,2,44.0,2.0,HARD,33.0,87.686,,,1
SAR,2,45.0,2.0,HARD,34.0,87.502,,,1
SAR,2,46.0,2.0,HARD,35.0,87.709,,,1
SAR,2,47.0,2.0,HARD,36.0,87.622,,,1
SAR,2,48.0,2.0,HARD,37.0,87.44,,,1
SAR,2,49.0,2.0,HARD,38.0,87.742,,,1
SAR,2,50.0,2.0,HARD,39.0,89.626,,,1
MAG,20,1.0,1.0,HARD,5.0,96.466,,,1
MAG,20,2.0,1.0,HARD,6.0,88.923,,,1
MAG,20,3.0,1.0,HARD,7.0,88.538,,,1
MAG,20,4.0,1.0,HARD,8.0,89.252,,,1
MAG,20,5.0,1.0,HARD,9.0,88.276,,,1
MAG,20,6.0,1.0,HARD,10.0,87.949,,,1
MAG,20,7.0,1.0,HARD,11.0,87.691,,,1
MAG,20,8.0,1.0,HARD,12.0,87.935,,,1
MAG,20,9.0,1.0,HARD,13.0,88.218,,,1
MAG,20,10.0,1.0,HARD,14.0,88.511,,,1
MAG,20,11.0,1.0,HARD,15.0,88.792,,,1
MAG,20,14.0,2.0,MEDIUM,2.0,88.08,,,1
MAG,20,15.0,2.0,MEDIUM,3.0,87.848,,,1
MAG,20,16.0,2.0,MEDIUM,4.0,87.649,,,1
MAG,20,17.0,2.0,MEDIUM,5.0,87.589,,,1
MAG,20,18.0,2.0,MEDIUM,6.0,87.898,,,1
MAG,20,19.0,2.0,MEDIUM,7.0,87.159,,,1
MAG,20,20.0,2.0,MEDIUM,8.0,87.011,,,1
MAG,20,21.0,2.0,MEDIUM,9.0,87.128,,,1
MAG,20,22.0,2.0,MEDIUM,10.0,87.244,,,1
MAG,20,23.0,2.0,MEDIUM,11.0,87.492,,,1
MAG,20,24.0,2.0,MEDIUM,12.0,87.536,,,1
MAG,20,25.0,2.0,MEDIUM,13.0,87.502,,,1
MAG,20,26.0,2.0,MEDIUM,14.0,87.418,,,1
MAG,20,27.0,2.0,MEDIUM,15.0,87.22,,,1
MAG,20,28.0,2.0,MEDIUM,16.0,87.154,,,1
MAG,20,29.0,2.0,MEDIUM,17.0,87.344,,,1
MAG,20,30.0,2.0,MEDIUM,18.0,87.384,,,1
MAG,20,31.0,2.0,MEDIUM,19.0,87.486,,,1
MAG,20,32.0,2.0,MEDIUM,20.0,87.556,,,1
MAG,20,35.0,3.0,MEDIUM,2.0,86.3,,,1
MAG,20,36.0,3.0,MEDIUM,3.0,86.385,,,1
MAG,20,37.0,3.0,MEDIUM,4.0,86.454,,,1
MAG,20,38.0,3.0,MEDIUM,5.0,86.394,,,1
MAG,20,39.0,3.0,MEDIUM,6.0,90.343,,,1
MAG,20,40.0,3.0,MEDIUM,7.0,86.696,,,1
MAG,20,41.0,3.0,MEDIUM,8.0,86.328,,,1
MAG,20,42.0,3.0,MEDIUM,9.0,86.278,,,1
MAG,20,43.0,3.0,MEDIUM,10.0,86.511,,,1
MAG,20,44.0,3.0,MEDIUM,11.0,86.514,,,1
MAG,20,45.0,3.0,MEDIUM,12.0,86.787,,,1
MAG,20,46.0,3.0,MEDIUM,13.0,86.983,,,1
MAG,20,47.0,3.0,MEDIUM,14.0,86.66,,,1
MAG,20,48.0,3.0,MEDIUM,15.0,86.739,,,1
MAG,20,49.0,3.0,MEDIUM,16.0,87.054,,,1
MAG,20,50.0,3.0,MEDIUM,17.0,86.904,,,1
ALB,23,1.0,1.0,MEDIUM,4.0,90.785,,,1
ALB,23,2.0,1.0,MEDIUM,5.0,87.067,,,1
ALB,23,3.0,1.0,MEDIUM,6.0,86.578,,,1
ALB,23,4.0,1.0,MEDIUM,7.0,86.684,,,1
ALB,23,5.0,1.0,MEDIUM,8.0,86.868,,,1
ALB,23,6.0,1.0,MEDIUM,9.0,86.661,,,1
ALB,23,7.0,1.0,MEDIUM,10.0,86.773,,,1
ALB,23,8.0,1.0,MEDIUM,11.0,86.676,,,1
ALB,23,9.0,1.0,MEDIUM,12.0,86.838,,,1
ALB,23,10.0,1.0,MEDIUM,13.0,87.305,,,1
ALB,23,11.0,1.0,MEDIUM,14.0,87.389,,,1
ALB,23,12.0,1.0,MEDIUM,15.0,87.533,,,1
ALB,23,13.0,1.0,MEDIUM,16.0,87.676,,,1
ALB,23,14.0,1.0,MEDIUM,17.0,87.723,,,1
ALB,23,17.0,2.0,HARD,5.0,87.087,,,1
ALB,23,18.0,2.0,HARD,6.0,86.893,,,1
ALB,23,19.0,2.0,HARD,7.0,87.308,,,1
ALB,23,20.0,2.0,HARD,8.0,86.853,,,1
ALB,23,21.0,2.0,HARD,9.0,86.601,,,1
ALB,23,22.0,2.0,HARD,10.0,86.833,,,1
ALB,23,23.0,2.0,HARD,11.0,86.913,,,1
ALB,23,24.0,2.0,HARD,12.0,86.748,,,1
ALB,23,25.0,2.0,HARD,13.0,86.898,,,1
ALB,23,26.0,2.0,HARD,14.0,87.049,,,1
ALB,23,27.0,2.0,HARD,15.0,86.735,,,1
ALB,23,28.0,2.0,HARD,16.0,87.024,,,1
ALB,23,29.0,2.0,HARD,17.0,86.977,,,1
ALB,23,30.0,2.0,HARD,18.0,86.94,,,1
ALB,23,31.0,2.0,HARD,19.0,86.735,,,1
ALB,23,32.0,2.0,HARD,20.0,86.432,,,1
ALB,23,33.0,2.0,HARD,21.0,86.389,,,1
ALB,23,34.0,2.0,HARD,22.0,86.579,,,1
ALB,23,35.0,2.0,HARD,23.0,86.545,,,1
ALB,23,36.0,2.0,HARD,24.0,86.981,,,1
ALB,23,37.0,2.0,HARD,25.0,86.831,,,1
ALB,23,38.0,2.0,HARD,26.0,87.37,,,1
ALB,23,39.0,2.0,HARD,27.0,86.802,,,1
ALB,23,40.0,2.0,HARD,28.0,86.572,,,1
ALB,23,41.0,2.0,HARD,29.0,86.675,,,1
ALB,23,42.0,2.0,HARD,30.0,86.708,,,1
ALB,23,43.0,2.0,HARD,31.0,86.913,,,1
ALB,23,44.0,2.0,HARD,32.0,87.725,,,1
ALB,23,45.0,2.0,HARD,33.0,86.907,,,1
ALB,23,46.0,2.0,HARD,34.0,87.252,,,1
ALB,23,47.0,2.0,HARD,35.0,88.491,,,1
ALB,23,48.0,2.0,HARD,36.0,86.822,,,1
ALB,23,49.0,2.0,HARD,37.0,87.569,,,1
ALB,23,50.0,2.0,HARD,38.0,87.197,,,1
ALB,23,51.0,2.0,HARD,39.0,87.433,,,1
ZHO,24,1.0,1.0,MEDIUM,1.0,95.194,,,1
ZHO,24,2.0,1.0,MEDIUM,2.0,88.167,,,1
ZHO,24,3.0,1.0,MEDIUM,3.0,87.871,,,1
ZHO,24,4.0,1.0,MEDIUM,4.0,87.615,,,1
ZHO,24,5.0,1.0,MEDIUM,5.0,87.535,,,1
ZHO,24,6.0,1.0,MEDIUM,6.0,87.066,,,1
ZHO,24,7.0,1.0,MEDIUM,7.0,87.185,,,1
ZHO,24,8.0,1.0,MEDIUM,8.0,87.253,,,1
ZHO,24,9.0,1.0,MEDIUM,9.0,87.416,,,1
ZHO,24,10.0,1.0,MEDIUM,10.0,87.544,,,1
ZHO,24,13.0,2.0,HARD,5.0,86.253,,,1
ZHO,24,14.0,2.0,HARD,6.0,87.775,,,1
ZHO,24,15.0,2.0,HARD,7.0,87.645,,,1
ZHO,24,16.0,2.0,HARD,8.0,87.153,,,1
ZHO,24,17.0,2.0,HARD,9.0,86.866,,,1
ZHO,24,18.0,2.0,HARD,10.0,87.055,,,1
ZHO,24,19.0,2.0,HARD,11.0,87.347,,,1
ZHO,24,20.0,2.0,HARD,12.0,87.075,,,1
ZHO,24,21.0,2.0,HARD,13.0,87.17,,,1
ZHO,24,22.0,2.0,HARD,14.0,87.333,,,1
ZHO,24,23.0,2.0,HARD,15.0,87.285,,,1
ZHO,24,24.0,2.0,HARD,16.0,87.153,,,1
ZHO,24,25.0,2.0,HARD,17.0,87.028,,,1
ZHO,24,26.0,2.0,HARD,18.0,87.164,,,1
ZHO,24,27.0,2.0,HARD,19.0,87.348,,,1
ZHO,24,28.0,2.0,HARD,20.0,87.858,,,1
ZHO,24,29.0,2.0,HARD,21.0,87.356,,,1
ZHO,24,30.0,2.0,HARD,22.0,87.442,,,1
ZHO,24,31.0,2.0,HARD,23.0,87.683,,,1
ZHO,24,32.0,2.0,HARD,24.0,87.82,,,1
ZHO,24,35.0,3.0,MEDIUM,2.0,85.983,,,1
ZHO,24,36.0,3.0,MEDIUM,3.0,86.935,,,1
ZHO,24,37.0,3.0,MEDIUM,4.0,86.7,,,1
ZHO,24,38.0,3.0,MEDIUM,5.0,86.503,,,1
ZHO,24,39.0,3.0,MEDIUM,6.0,86.473,,,1
ZHO,24,40.0,3.0,MEDIUM,7.0,86.406,,,1
ZHO,24,41.0,3.0,MEDIUM,8.0,86.6,,,1
ZHO,24,42.0,3.0,MEDIUM,9.0,86.671,,,1
ZHO,24,43.0,3.0,MEDIUM,10.0,86.288,,,1
ZHO,24,44.0,3.0,MEDIUM,11.0,86.313,,,1
ZHO,24,45.0,3.0,MEDIUM,12.0,86.461,,,1
ZHO,24,46.0,3.0,MEDIUM,13.0,86.134,,,1
ZHO,24,47.0,3.0,MEDIUM,14.0,86.305,,,1
ZHO,24,48.0,3.0,MEDIUM,15.0,86.448,,,1
ZHO,24,49.0,3.0,MEDIUM,16.0,88.825,,,1
ZHO,24,50.0,3.0,MEDIUM,17.0,86.768,,,1
HUL,27,1.0,1.0,MEDIUM,4.0,92.72,,,1
HUL,27,2.0,1.0,MEDIUM,5.0,87.92,,,1
HUL,27,3.0,1.0,MEDIUM,6.0,87.36,,,1
HUL,27,4.0,1.0,MEDIUM,7.0,87.2,,,1
HUL,27,5.0,1.0,MEDIUM,8.0,87.035,,,1
HUL,27,6.0,1.0,MEDIUM,9.0,87.169,,,1
HUL,27,7.0,1.0,MEDIUM,10.0,87.465,,,1
HUL,27,8.0,1.0,MEDIUM,11.0,88.059,,,1
HUL,27,9.0,1.0,MEDIUM,12.0,87.481,,,1
HUL,27,10.0,1.0,MEDIUM,13.0,87.563,,,1
HUL,27,11.0,1.0,MEDIUM,14.0,88.055,,,1
HUL,27,12.0,1.0,MEDIUM,15.0,89.091,,,1
HUL,27,13.0,1.0,MEDIUM,16.0,88.009,,,1
HUL,27,16.0,2.0,HARD,7.0,86.99,,,1
HUL,27,17.0,2.0,HARD,8.0,86.988,,,1
HUL,27,18.0,2.0,HARD,9.0,87.294,,,1
HUL,27,19.0,2.0,HARD,10.0,87.312,,,1
HUL,27,20.0,2.0,HARD,11.0,87.078,,,1
HUL,27,21.0,2.0,HARD,12.0,87.161,,,1
HUL,27,22.0,2.0,HARD,13.0,87.074,,,1
HUL,27,23.0,2.0,HARD,14.0,87.29,,,1
HUL,27,24.0,2.0,HARD,15.0,87.143,,,1
HUL,27,25.0,2.0,HARD,16.0,87.229,,,1
HUL,27,26.0,2.0,HARD,17.0,87.344,,,1
HUL,27,27.0,2.0,HARD,18.0,87.08,,,1
HUL,27,28.0,2.0,HARD,19.0,87.6,,,1
HUL,27,29.0,2.0,HARD,20.0,87.466,,,1
HUL,27,30.0,2.0,HARD,21.0,87.775,,,1
HUL,27,31.0,2.0,HARD,22.0,87.547,,,1
HUL,27,32.0,2.0,HARD,23.0,87.976,,,1
HUL,27,33.0,2.0,HARD,24.0,88.575,,,1
HUL,27,34.0,2.0,HARD,25.0,87.991,,,1
HUL,27,35.0,2.0,HARD,26.0,87.945,,,1
HUL,27,36.0,2.0,HARD,27.0,88.084,,,1
HUL,27,37.0,2.0,HARD,28.0,88.006,,,1
HUL,27,38.0,2.0,HARD,29.0,88.969,,,1
HUL,27,41.0,3.0,MEDIUM,5.0,86.395,,,1
HUL,27,42.0,3.0,MEDIUM,6.0,86.102,,,1
HUL,27,43.0,3.0,MEDIUM,7.0,86.234,,,1
HUL,27,44.0,3.0,MEDIUM,8.0,86.459,,,1
HUL,27,45.0,3.0,MEDIUM,9.0,86.723,,,1
HUL,27,46.0,3.0,MEDIUM,10.0,86.645,,,1
HUL,27,47.0,3.0,MEDIUM,11.0,86.251,,,1
HUL,27,48.0,3.0,MEDIUM,12.0,86.359,,,1
HUL,27,49.0,3.0,MEDIUM,13.0,85.981,,,1
HUL,27,50.0,3.0,MEDIUM,14.0,85.894,,,1
OCO,31,1.0,1.0,MEDIUM,1.0,95.655,,,1
OCO,31,2.0,1.0,MEDIUM,2.0,88.667,,,1
OCO,31,3.0,1.0,MEDIUM,3.0,87.822,,,1
OCO,31,4.0,1.0,MEDIUM,4.0,87.582,,,1
OCO,31,5.0,1.0,MEDIUM,5.0,87.385,,,1
OCO,31,6.0,1.0,MEDIUM,6.0,87.306,,,1
OCO,31,7.0,1.0,MEDIUM,7.0,87.117,,,1
OCO,31,8.0,1.0,MEDIUM,8.0,87.309,,,1
OCO,31,9.0,1.0,MEDIUM,9.0,87.396,,,1
OCO,31,10.0,1.0,MEDIUM,10.0,87.607,,,1
OCO,31,11.0,1.0,MEDIUM,11.0,87.738,,,1
OCO,31,12.0,1.0,MEDIUM,12.0,88.232,,,1
OCO,31,13.0,1.0,MEDIUM,13.0,87.855,,,1
OCO,31,14.0,1.0,MEDIUM,14.0,88.091,,,1
OCO,31,15.0,1.0,MEDIUM,15.0,88.197,,,1
OCO,31,16.0,1.0,MEDIUM,16.0,88.249,,,1
OCO,31,17.0,1.0,MEDIUM,17.0,88.111,,,1
OCO,31,18.0,1.0,MEDIUM,18.0,88.261,,,1
OCO,31,19.0,1.0,MEDIUM,19.0,88.216,,,1
OCO,31,20.0,1.0,MEDIUM,20.0,89.387,,,1
OCO,31,21.0,1.0,MEDIUM,21.0,88.489,,,1
OCO,31,22.0,1.0,MEDIUM,22.0,88.884,,,1
OCO,31,23.0,1.0,MEDIUM,23.0,89.474,,,1
OCO,31,26.0,2.0,HARD,5.0,87.158,,,1
OCO,31,27.0,2.0,HARD,6.0,87.119,,,1
OCO,31,28.0,2.0,HARD,7.0,87.19,,,1
OCO,31,29.0,2.0,HARD,8.0,87.35,,,1
OCO,31,30.0,2.0,HARD,9.0,87.308,,,1
OCO,31,31.0,2.0,HARD,10.0,87.208,,,1
OCO,31,32.0,2.0,HARD,11.0,87.119,,,1
OCO,31,33.0,2.0,HARD,12.0,86.963,,,1
OCO,31,34.0,2.0,HARD,13.0,87.626,,,1
OCO,31,35.0,2.0,HARD,14.0,87.441,,,1
OCO,31,36.0,2.0,HARD,15.0,87.476,,,1
OCO,31,37.0,2.0,HARD,16.0,87.429,,,1
OCO,31,38.0,2.0,HARD,17.0,87.079,,,1
NOR,4,1.0,1.0,MEDIUM,1.0,91.513,,,1
NOR,4,2.0,1.0,MEDIUM,2.0,87.575,,,1
NOR,4,3.0,1.0,MEDIUM,3.0,87.105,,,1
NOR,4,4.0,1.0,MEDIUM,4.0,87.069,,,1
NOR,4,5.0,1.0,MEDIUM,5.0,87.142,,,1
NOR,4,6.0,1.0,MEDIUM,6.0,86.796,,,1
NOR,4,7.0,1.0,MEDIUM,7.0,86.864,,,1
NOR,4,8.0,1.0,MEDIUM,8.0,86.628,,,1
NOR,4,9.0,1.0,MEDIUM,9.0,86.893,,,1
NOR,4,10.0,1.0,MEDIUM,10.0,86.965,,,1
NOR,4,11.0,1.0,MEDIUM,11.0,87.066,,,1
NOR,4,12.0,1.0,MEDIUM,12.0,87.438,,,1
NOR,4,13.0,1.0,MEDIUM,13.0,87.359,,,1
NOR,4,14.0,1.0,MEDIUM,14.0,87.478,,,1
NOR,4,15.0,1.0,MEDIUM,15.0,87.796,,,1
NOR,4,16.0,1.0,MEDIUM,16.0,87.199,,,1
NOR,4,17.0,1.0,MEDIUM,17.0,87.597,,,1
NOR,4,18.0,1.0,MEDIUM,18.0,87.272,,,1
NOR,4,19.0,1.0,MEDIUM,19.0,87.28,,,1
NOR,4,20.0,1.0,MEDIUM,20.0,87.716,,,1
NOR,4,21.0,1.0,MEDIUM,21.0,87.718,,,1
NOR,4,24.0,2.0,HARD,6.0,86.144,,,1
NOR,4,25.0,2.0,HARD,7.0,86.424,,,1
NOR,4,26.0,2.0,HARD,8.0,86.402,,,1
NOR,4,27.0,2.0,HARD,9.0,86.485,,,1
NOR,4,28.0,2.0,HARD,10.0,86.396,,,1
NOR,4,29.0,2.0,HARD,11.0,86.472,,,1
NOR,4,30.0,2.0,HARD,12.0,86.968,,,1
NOR,4,31.0,2.0,HARD,13.0,86.909,,,1
NOR,4,32.0,2.0,HARD,14.0,86.586,,,1
NOR,4,33.0,2.0,HARD,15.0,86.455,,,1
NOR,4,34.0,2.0,HARD,16.0,86.366,,,1
NOR,4,35.0,2.0,HARD,17.0,86.464,,,1
NOR,4,36.0,2.0,HARD,18.0,87.06,,,1
NOR,4,37.0,2.0,HARD,19.0,86.595,,,1
NOR,4,38.0,2.0,HARD,20.0,87.567,,,1
NOR,4,39.0,2.0,HARD,21.0,86.792,,,1
NOR,4,40.0,2.0,HARD,22.0,86.761,,,1
NOR,4,41.0,2.0,HARD,23.0,86.562,,,1
NOR,4,42.0,2.0,HARD,24.0,86.623,,,1
NOR,4,43.0,2.0,HARD,25.0,86.81,,,1
NOR,4,44.0,2.0,HARD,26.0,87.991,,,1
NOR,4,45.0,2.0,HARD,27.0,87.466,,,1
NOR,4,46.0,2.0,HARD,28.0,87.017,,,1
NOR,4,47.0,2.0,HARD,29.0,87.886,,,1
NOR,4,48.0,2.0,HARD,30.0,86.733,,,1
NOR,4,49.0,2.0,HARD,31.0,87.661,,,1
NOR,4,50.0,2.0,HARD,32.0,87.174,,,1
NOR,4,51.0,2.0,HARD,33.0,87.425,,,1
LAW,40,1.0,1.0,MEDIUM,4.0,93.893,,,1
LAW,40,2.0,1.0,MEDIUM,5.0,88.018,,,1
LAW,40,3.0,1.0,MEDIUM,6.0,87.657,,,1
LAW,40,4.0,1.0,MEDIUM,7.0,87.13,,,1
LAW,40,5.0,1.0,MEDIUM,8.0,87.205,,,1
LAW,40,6.0,1.0,MEDIUM,9.0,87.263,,,1
LAW,40,7.0,1.0,MEDIUM,10.0,87.154,,,1
LAW,40,8.0,1.0,MEDIUM,11.0,87.331,,,1
LAW,40,9.0,1.0,MEDIUM,12.0,87.506,,,1
LAW,40,10.0,1.0,MEDIUM,13.0,87.648,,,1
LAW,40,11.0,1.0,MEDIUM,14.0,87.892,,,1
LAW,40,12.0,1.0,MEDIUM,15.0,87.631,,,1
LAW,40,15.0,2.0,HARD,5.0,87.03,,,1
LAW,40,16.0,2.0,HARD,6.0,87.412,,,1
LAW,40,17.0,2.0,HARD,7.0,87.045,,,1
LAW,40,18.0,2.0,HARD,8.0,86.815,,,1
LAW,40,19.0,2.0,HARD,9.0,87.047,,,1
LAW,40,20.0,2.0,HARD,10.0,86.89,,,1
LAW,40,21.0,2.0,HARD,11.0,87.171,,,1
LAW,40,22.0,2.0,HARD,12.0,88.059,,,1
LAW,40,23.0,2.0,HARD,13.0,87.215,,,1
LAW,40,24.0,2.0,HARD,14.0,87.049,,,1
LAW,40,25.0,2.0,HARD,15.0,87.204,,,1
LAW,40,26.0,2.0,HARD,16.0,87.089,,,1
LAW,40,27.0,2.0,HARD,17.0,87.025,,,1
LAW,40,28.0,2.0,HARD,18.0,87.376,,,1
LAW,40,29.0,2.0,HARD,19.0,87.108,,,1
LAW,40,30.0,2.0,HARD,20.0,87.487,,,1
LAW,40,31.0,2.0,HARD,21.0,87.515,,,1
LAW,40,32.0,2.0,HARD,22.0,87.496,,,1
LAW,40,35.0,3.0,MEDIUM,5.0,86.26,,,1
LAW,40,36.0,3.0,MEDIUM,6.0,86.384,,,1
LAW,40,37.0,3.0,MEDIUM,7.0,86.253,,,1
LAW,40,38.0,3.0,MEDIUM,8.0,86.103,,,1
LAW,40,39.0,3.0,MEDIUM,9.0,86.245,,,1
LAW,40,40.0,3.0,MEDIUM,10.0,86.273,,,1
LAW,40,41.0,3.0,MEDIUM,11.0,86.417,,,1
LAW,40,42.0,3.0,MEDIUM,12.0,86.121,,,1
LAW,40,43.0,3.0,MEDIUM,13.0,86.143,,,1
LAW,40,44.0,3.0,MEDIUM,14.0,85.842,,,1
LAW,40,45.0,3.0,MEDIUM,15.0,86.134,,,1
LAW,40,46.0,3.0,MEDIUM,16.0,86.018,,,1
LAW,40,47.0,3.0,MEDIUM,17.0,86.656,,,1
LAW,40,48.0,3.0,MEDIUM,18.0,86.098,,,1
LAW,40,49.0,3.0,MEDIUM,19.0,87.235,,,1
LAW,40,50.0,3.0,MEDIUM,20.0,86.436,,,1
HAM,44,1.0,1.0,HARD,4.0,92.011,,,1
HAM,44,2.0,1.0,HARD,5.0,87.837,,,1
HAM,44,3.0,1.0,HARD,6.0,87.289,,,1
HAM,44,4.0,1.0,HARD,7.0,87.233,,,1
HAM,44,5.0,1.0,HARD,8.0,87.015,,,1
HAM,44,6.0,1.0,HARD,9.0,86.711,,,1
HAM,44,7.0,1.0,HARD,10.0,86.7,,,1
HAM,44,8.0,1.0,HARD,11.0,86.643,,,1
HAM,44,9.0,1.0,HARD,12.0,86.756,,,1
HAM,44,10.0,1.0,HARD,13.0,86.995,,,1
HAM,44,11.0,1.0,HARD,14.0,87.119,,,1
HAM,44,12.0,1.0,HARD,15.0,87.194,,,1
HAM,44,13.0,1.0,HARD,16.0,87.292,,,1
HAM,44,14.0,1.0,HARD,17.0,87.526,,,1
HAM,44,15.0,1.0,HARD,18.0,88.085,,,1
HAM,44,16.0,1.0,HARD,19.0,87.24,,,1
HAM,44,17.0,1.0,HARD,20.0,87.585,,,1
HAM,44,18.0,1.0,HARD,21.0,87.279,,,1
HAM,44,19.0,1.0,HARD,22.0,87.449,,,1
HAM,44,20.0,1.0,HARD,23.0,87.83,,,1
HAM,44,21.0,1.0,HARD,24.0,87.399,,,1
HAM,44,22.0,1.0,HARD,25.0,87.154,,,1
HAM,44,23.0,1.0,HARD,26.0,87.267,,,1
HAM,44,24.0,1.0,HARD,27.0,87.311,,,1
HAM,44,25.0,1.0,HARD,28.0,87.791,,,1
HAM,44,26.0,1.0,HARD,29.0,87.407,,,1
HAM,44,29.0,2.0,MEDIUM,2.0,85.582,,,1
HAM,44,30.0,2.0,MEDIUM,3.0,86.34,,,1
HAM,44,31.0,2.0,MEDIUM,4.0,86.404,,,1
HAM,44,32.0,2.0,MEDIUM,5.0,86.62,,,1
HAM,44,33.0,2.0,MEDIUM,6.0,86.584,,,1
HAM,44,34.0,2.0,MEDIUM,7.0,86.236,,,1
HAM,44,35.0,2.0,MEDIUM,8.0,86.016,,,1
HAM,44,36.0,2.0,MEDIUM,9.0,86.205,,,1
HAM,44,37.0,2.0,MEDIUM,10.0,85.999,,,1
HAM,44,38.0,2.0,MEDIUM,11.0,86.274,,,1
HAM,44,39.0,2.0,MEDIUM,12.0,86.249,,,1
HAM,44,40.0,2.0,MEDIUM,13.0,86.658,,,1
HAM,44,41.0,2.0,MEDIUM,14.0,87.501,,,1
HAM,44,42.0,2.0,MEDIUM,15.0,86.216,,,1
HAM,44,43.0,2.0,MEDIUM,16.0,86.093,,,1
HAM,44,44.0,2.0,MEDIUM,17.0,87.152,,,1
HAM,44,45.0,2.0,MEDIUM,18.0,86.333,,,1
HAM,44,46.0,2.0,MEDIUM,19.0,87.193,,,1
HAM,44,47.0,2.0,MEDIUM,20.0,86.12,,,1
HAM,44,48.0,2.0,MEDIUM,21.0,85.815,,,1
HAM,44,49.0,2.0,MEDIUM,22.0,85.888,,,1
HAM,44,50.0,2.0,MEDIUM,23.0,85.927,,,1
HAM,44,51.0,2.0,MEDIUM,24.0,86.093,,,1
SAI,55,1.0,1.0,MEDIUM,1.0,87.117,,,1
SAI,55,2.0,1.0,MEDIUM,2.0,86.006,,,1
SAI,55,3.0,1.0,MEDIUM,3.0,85.976,,,1
SAI,55,4.0,1.0,MEDIUM,4.0,86.067,,,1
SAI,55,5.0,1.0,MEDIUM,5.0,86.423,,,1
SAI,55,6.0,1.0,MEDIUM,6.0,86.615,,,1
SAI,55,7.0,1.0,MEDIUM,7.0,86.358,,,1
SAI,55,8.0,1.0,MEDIUM,8.0,86.224,,,1
SAI,55,9.0,1.0,MEDIUM,9.0,86.476,,,1
SAI,55,10.0,1.0,MEDIUM,10.0,86.511,,,1
SAI,55,11.0,1.0,MEDIUM,11.0,86.691,,,1
SAI,55,12.0,1.0,MEDIUM,12.0,86.408,,,1
SAI,55,13.0,1.0,MEDIUM,13.0,86.887,,,1
SAI,55,14.0,1.0,MEDIUM,14.0,86.972,,,1
SAI,55,15.0,1.0,MEDIUM,15.0,88.219,,,1
SAI,55,16.0,1.0,MEDIUM,16.0,87.323,,,1
SAI,55,17.0,1.0,MEDIUM,17.0,87.721,,,1
SAI,55,18.0,1.0,MEDIUM,18.0,87.512,,,1
SAI,55,21.0,2.0,HARD,2.0,86.146,,,1
SAI,55,22.0,2.0,HARD,3.0,85.558,,,1
SAI,55,23.0,2.0,HARD,4.0,85.793,,,1
SAI,55,24.0,2.0,HARD,5.0,85.902,,,1
SAI,55,25.0,2.0,HARD,6.0,86.005,,,1
SAI,55,26.0,2.0,HARD,7.0,85.836,,,1
SAI,55,27.0,2.0,HARD,8.0,86.165,,,1
SAI,55,28.0,2.0,HARD,9.0,85.77,,,1
SAI,55,29.0,2.0,HARD,10.0,85.72,,,1
SAI,55,30.0,2.0,HARD,11.0,85.501,,,1
SAI,55,31.0,2.0,HARD,12.0,85.718,,,1
SAI,55,32.0,2.0,HARD,13.0,85.896,,,1
SAI,55,33.0,2.0,HARD,14.0,85.926,,,1
SAI,55,34.0,2.0,HARD,15.0,86.126,,,1
SAI,55,35.0,2.0,HARD,16.0,85.789,,,1
SAI,55,36.0,2.0,HARD,17.0,86.011,,,1
SAI,55,37.0,2.0,HARD,18.0,85.886,,,1
SAI,55,38.0,2.0,HARD,19.0,85.705,,,1
SAI,55,39.0,2.0,HARD,20.0,85.924,,,1
SAI,55,40.0,2.0,HARD,21.0,86.122,,,1
SAI,55,41.0,2.0,HARD,22.0,86.738,,,1
SAI,55,42.0,2.0,HARD,23.0,86.479,,,1
SAI,55,43.0,2.0,HARD,24.0,86.589,,,1
SAI,55,44.0,2.0,HARD,25.0,86.43,,,1
SAI,55,45.0,2.0,HARD,26.0,86.632,,,1
SAI,55,46.0,2.0,HARD,27.0,87.303,,,1
SAI,55,47.0,2.0,HARD,28.0,87.096,,,1
SAI,55,48.0,2.0,HARD,29.0,86.8,,,1
SAI,55,49.0,2.0,HARD,30.0,86.77,,,1
SAI,55,50.0,2.0,HARD,31.0,86.776,,,1
SAI,55,51.0,2.0,HARD,32.0,87.044,,,1
RUS,63,1.0,1.0,MEDIUM,1.0,89.339,,,1
RUS,63,2.0,1.0,MEDIUM,2.0,86.686,,,1
RUS,63,3.0,1.0,MEDIUM,3.0,86.176,,,1
RUS,63,4.0,1.0,MEDIUM,4.0,86.178,,,1
RUS,63,5.0,1.0,MEDIUM,5.0,86.249,,,1
RUS,63,6.0,1.0,MEDIUM,6.0,86.515,,,1
RUS,63,7.0,1.0,MEDIUM,7.0,86.515,,,1
RUS,63,8.0,1.0,MEDIUM,8.0,86.594,,,1
RUS,63,9.0,1.0,MEDIUM,9.0,86.71,,,1
RUS,63,10.0,1.0,MEDIUM,10.0,86.655,,,1
RUS,63,11.0,1.0,MEDIUM,11.0,87.186,,,1
RUS,63,12.0,1.0,MEDIUM,12.0,87.044,,,1
RUS,63,13.0,1.0,MEDIUM,13.0,86.962,,,1
RUS,63,14.0,1.0,MEDIUM,14.0,87.285,,,1
RUS,63,15.0,1.0,MEDIUM,15.0,87.005,,,1
RUS,63,16.0,1.0,MEDIUM,16.0,87.976,,,1
RUS,63,17.0,1.0,MEDIUM,17.0,87.055,,,1
RUS,63,18.0,1.0,MEDIUM,18.0,87.383,,,1
RUS,63,21.0,2.0,HARD,5.0,86.456,,,1
RUS,63,22.0,2.0,HARD,6.0,86.715,,,1
RUS,63,23.0,2.0,HARD,7.0,86.605,,,1
RUS,63,24.0,2.0,HARD,8.0,86.671,,,1
RUS,63,25.0,2.0,HARD,9.0,86.32,,,1
RUS,63,26.0,2.0,HARD,10.0,86.41,,,1
RUS,63,27.0,2.0,HARD,11.0,86.184,,,1
RUS,63,28.0,2.0,HARD,12.0,86.284,,,1
RUS,63,29.0,2.0,HARD,13.0,86.14,,,1
RUS,63,30.0,2.0,HARD,14.0,85.966,,,1
RUS,63,31.0,2.0,HARD,15.0,86.148,,,1
RUS,63,32.0,2.0,HARD,16.0,86.059,,,1
RUS,63,33.0,2.0,HARD,17.0,86.161,,,1
RUS,63,34.0,2.0,HARD,18.0,86.119,,,1
RUS,63,35.0,2.0,HARD,19.0,86.189,,,1
RUS,63,36.0,2.0,HARD,20.0,86.371,,,1
RUS,63,37.0,2.0,HARD,21.0,85.997,,,1
RUS,63,38.0,2.0,HARD,22.0,85.847,,,1
RUS,63,39.0,2.0,HARD,23.0,86.21,,,1
RUS,63,40.0,2.0,HARD,24.0,86.244,,,1
RUS,63,41.0,2.0,HARD,25.0,86.614,,,1
RUS,63,42.0,2.0,HARD,26.0,86.335,,,1
RUS,63,43.0,2.0,HARD,27.0,86.426,,,1
RUS,63,44.0,2.0,HARD,28.0,86.336,,,1
RUS,63,45.0,2.0,HARD,29.0,86.394,,,1
RUS,63,46.0,2.0,HARD,30.0,86.458,,,1
RUS,63,47.0,2.0,HARD,31.0,86.64,,,1
RUS,63,48.0,2.0,HARD,32.0,86.287,,,1
RUS,63,49.0,2.0,HARD,33.0,86.375,,,1
RUS,63,50.0,2.0,HARD,34.0,86.874,,,1
RUS,63,51.0,2.0,HARD,35.0,86.628,,,1
BOT,77,1.0,1.0,HARD,4.0,94.811,,,1
BOT,77,2.0,1.0,HARD,5.0,88.032,,,1
BOT,77,3.0,1.0,HARD,6.0,87.95,,,1
BOT,77,4.0,1.0,HARD,7.0,87.119,,,1
BOT,77,5.0,1.0,HARD,8.0,87.575,,,1
BOT,77,6.0,1.0,HARD,9.0,87.15,,,1
BOT,77,7.0,1.0,HARD,10.0,87.36,,,1
BOT,77,8.0,1.0,HARD,11.0,87.227,,,1
BOT,77,9.0,1.0,HARD,12.0,87.265,,,1
BOT,77,10.0,1.0,HARD,13.0,87.863,,,1
BOT,77,11.0,1.0,HARD,14.0,87.693,,,1
BOT,77,12.0,1.0,HARD,15.0,88.716,,,1
BOT,77,13.0,1.0,HARD,16.0,88.007,,,1
BOT,77,14.0,1.0,HARD,17.0,87.991,,,1
BOT,77,15.0,1.0,HARD,18.0,87.427,,,1
BOT,77,16.0,1.0,HARD,19.0,87.824,,,1
BOT,77,17.0,1.0,HARD,20.0,87.47,,,1
BOT,77,18.0,1.0,HARD,21.0,87.634,,,1
BOT,77,19.0,1.0,HARD,22.0,87.725,,,1
BOT,77,20.0,1.0,HARD,23.0,88.438,,,1
BOT,77,21.0,1.0,HARD,24.0,89.044,,,1
BOT,77,22.0,1.0,HARD,25.0,88.116,,,1
BOT,77,23.0,1.0,HARD,26.0,88.123,,,1
BOT,77,24.0,1.0,HARD,27.0,88.022,,,1
BOT,77,27.0,2.0,MEDIUM,5.0,85.988,,,1
BOT,77,28.0,2.0,MEDIUM,6.0,86.486,,,1
BOT,77,29.0,2.0,MEDIUM,7.0,86.201,,,1
BOT,77,30.0,2.0,MEDIUM,8.0,86.643,,,1
BOT,77,31.0,2.0,MEDIUM,9.0,86.648,,,1
BOT,77,32.0,2.0,MEDIUM,10.0,86.606,,,1
BOT,77,33.0,2.0,MEDIUM,11.0,86.873,,,1
BOT,77,34.0,2.0,MEDIUM,12.0,86.621,,,1
BOT,77,35.0,2.0,MEDIUM,13.0,86.523,,,1
BOT,77,36.0,2.0,MEDIUM,14.0,86.782,,,1
BOT,77,37.0,2.0,MEDIUM,15.0,86.545,,,1
BOT,77,38.0,2.0,MEDIUM,16.0,87.093,,,1
BOT,77,39.0,2.0,MEDIUM,17.0,86.981,,,1
BOT,77,40.0,2.0,MEDIUM,18.0,87.862,,,1
BOT,77,41.0,2.0,MEDIUM,19.0,87.203,,,1
BOT,77,42.0,2.0,MEDIUM,20.0,86.864,,,1
BOT,77,43.0,2.0,MEDIUM,21.0,87.753,,,1
BOT,77,44.0,2.0,MEDIUM,22.0,86.962,,,1
BOT,77,45.0,2.0,MEDIUM,23.0,86.889,,,1
BOT,77,46.0,2.0,MEDIUM,24.0,86.806,,,1
BOT,77,47.0,2.0,MEDIUM,25.0,86.736,,,1
BOT,77,48.0,2.0,MEDIUM,26.0,87.005,,,1
BOT,77,49.0,2.0,MEDIUM,27.0,87.134,,,1
BOT,77,50.0,2.0,MEDIUM,28.0,86.95,,,1
PIA,81,1.0,1.0,MEDIUM,1.0,90.315,,,1
PIA,81,2.0,1.0,MEDIUM,2.0,88.053,,,1
PIA,81,3.0,1.0,MEDIUM,3.0,86.982,,,1
PIA,81,4.0,1.0,MEDIUM,4.0,87.004,,,1
PIA,81,5.0,1.0,MEDIUM,5.0,86.909,,,1
PIA,81,6.0,1.0,MEDIUM,6.0,86.878,,,1
PIA,81,7.0,1.0,MEDIUM,7.0,86.94,,,1
PIA,81,8.0,1.0,MEDIUM,8.0,86.85,,,1
PIA,81,9.0,1.0,MEDIUM,9.0,86.864,,,1
PIA,81,10.0,1.0,MEDIUM,10.0,86.823,,,1
PIA,81,11.0,1.0,MEDIUM,11.0,87.217,,,1
PIA,81,12.0,1.0,MEDIUM,12.0,87.454,,,1
PIA,81,13.0,1.0,MEDIUM,13.0,87.518,,,1
PIA,81,14.0,1.0,MEDIUM,14.0,87.371,,,1
PIA,81,15.0,1.0,MEDIUM,15.0,87.738,,,1
PIA,81,16.0,1.0,MEDIUM,16.0,87.201,,,1
PIA,81,17.0,1.0,MEDIUM,17.0,87.44,,,1
PIA,81,18.0,1.0,MEDIUM,18.0,87.398,,,1
PIA,81,19.0,1.0,MEDIUM,19.0,87.352,,,1
PIA,81,20.0,1.0,MEDIUM,20.0,87.746,,,1
PIA,81,21.0,1.0,MEDIUM,21.0,87.587,,,1
PIA,81,22.0,1.0,MEDIUM,22.0,87.419,,,1
PIA,81,25.0,2.0,HARD,7.0,86.411,,,1
PIA,81,26.0,2.0,HARD,8.0,86.287,,,1
PIA,81,27.0,2.0,HARD,9.0,86.248,,,1
PIA,81,28.0,2.0,HARD,10.0,86.611,,,1
PIA,81,29.0,2.0,HARD,11.0,86.132,,,1
PIA,81,30.0,2.0,HARD,12.0,87.074,,,1
PIA,81,31.0,2.0,HARD,13.0,86.86,,,1
PIA,81,32.0,2.0,HARD,14.0,86.746,,,1
PIA,81,33.0,2.0,HARD,15.0,86.445,,,1
PIA,81,34.0,2.0,HARD,16.0,86.717,,,1
PIA,81,35.0,2.0,HARD,17.0,86.277,,,1
PIA,81,36.0,2.0,HARD,18.0,86.639,,,1
PIA,81,37.0,2.0,HARD,19.0,86.806,,,1
PIA,81,38.0,2.0,HARD,20.0,87.146,,,1
PIA,81,39.0,2.0,HARD,21.0,87.166,,,1
PIA,81,40.0,2.0,HARD,22.0,86.853,,,1
PIA,81,43.0,3.0,MEDIUM,5.0,85.072,,,1
PIA,81,44.0,3.0,MEDIUM,6.0,85.69,,,1
PIA,81,45.0,3.0,MEDIUM,7.0,86.139,,,1
PIA,81,46.0,3.0,MEDIUM,8.0,85.732,,,1
PIA,81,47.0,3.0,MEDIUM,9.0,86.614,,,1
PIA,81,48.0,3.0,MEDIUM,10.0,86.067,,,1
PIA,81,49.0,3.0,MEDIUM,11.0,85.841,,,1
PIA,81,50.0,3.0,MEDIUM,12.0,85.593,,,1
